Model,True Positives (TP),False Positives (FP),False Negatives (FN),Precision,Recall,F1-score
GPT-4,197,52,281,0.7911646586345381,0.4121338912133891,0.5419532324621733
DeepSeek,146,200,332,0.42196531791907516,0.3054393305439331,0.35436893203883496
