Model,Language,True Positives (TP),False Positives (FP),False Negatives (FN),Precision,Recall,F1-score
GPT-4,Python,58,10,73,0.8529411764705882,0.44274809160305345,0.5829145728643217
DeepSeek,Python,45,43,86,0.5113636363636364,0.3435114503816794,0.4109589041095891
GPT-4,Java,50,9,78,0.847457627118644,0.390625,0.5347593582887701
DeepSeek,Java,35,48,93,0.42168674698795183,0.2734375,0.33175355450236965
GPT-4,JavaScript,43,20,73,0.6825396825396826,0.3706896551724138,0.48044692737430167
DeepSeek,JavaScript,32,55,84,0.367816091954023,0.27586206896551724,0.31527093596059114
GPT-4,C++,46,13,57,0.7796610169491526,0.44660194174757284,0.5679012345679013
DeepSeek,C++,34,54,69,0.38636363636363635,0.3300970873786408,0.356020942408377
